MetaPlex Primers; adapted from ANML primers,,,,,,,,,,,,,,,
primer name,id_str,A Adapter,Key signal,barcode sequence,Spacer,Primer sequence LCO1490,Full barcoded FORWARD primer seq,,primer name,id_str,trP1 Adapter,barcode sequence,Spacer,Primer sequence CO1-CFMRa,Full barcoded REVERSE primer seq
F_LCO1490_ion _bc1,IonXpress_1,CCATCTCATCCCTGCGTGTCTCCGAC,TCAG,CTAAGGTAAC,GAT,GGTCAACAAATCATAAAGATATTGG,CCATCTCATCCCTGCGTGTCTCCGACTCAGCTAAGGTAACGATGGTCAACAAATCATAAAGATATTGG,,F_LCO1490_ion _bc11,IonXpress_11,CCTCTCTATGGGCAGTCGGTGAT,TCCTCGAATC,GAT,GGWACTAATCAATTTCCAAATCC,CCTCTCTATGGGCAGTCGGTGATTCCTCGAATCGATGGWACTAATCAATTTCCAAATCC
F_LCO1490_ion _bc2,IonXpress_2,CCATCTCATCCCTGCGTGTCTCCGAC,TCAG,TAAGGAGAAC,GAT,GGTCAACAAATCATAAAGATATTGG,CCATCTCATCCCTGCGTGTCTCCGACTCAGTAAGGAGAACGATGGTCAACAAATCATAAAGATATTGG,,F_LCO1490_ion _bc12,IonXpress_12,CCTCTCTATGGGCAGTCGGTGAT,TAGGTGGTTC,GAT,GGWACTAATCAATTTCCAAATCC,CCTCTCTATGGGCAGTCGGTGATTAGGTGGTTCGATGGWACTAATCAATTTCCAAATCC
F_LCO1490_ion _bc3,IonXpress_3,CCATCTCATCCCTGCGTGTCTCCGAC,TCAG,AAGAGGATTC,GAT,GGTCAACAAATCATAAAGATATTGG,CCATCTCATCCCTGCGTGTCTCCGACTCAGAAGAGGATTCGATGGTCAACAAATCATAAAGATATTGG,,F_LCO1490_ion _bc13,IonXpress_13,CCTCTCTATGGGCAGTCGGTGAT,TCTAACGGAC,GAT,GGWACTAATCAATTTCCAAATCC,CCTCTCTATGGGCAGTCGGTGATTCTAACGGACGATGGWACTAATCAATTTCCAAATCC
F_LCO1490_ion _bc4,IonXpress_4,CCATCTCATCCCTGCGTGTCTCCGAC,TCAG,TACCAAGATC,GAT,GGTCAACAAATCATAAAGATATTGG,CCATCTCATCCCTGCGTGTCTCCGACTCAGTACCAAGATCGATGGTCAACAAATCATAAAGATATTGG,,F_LCO1490_ion _bc14,IonXpress_14,CCTCTCTATGGGCAGTCGGTGAT,TTGGAGTGTC,GAT,GGWACTAATCAATTTCCAAATCC,CCTCTCTATGGGCAGTCGGTGATTTGGAGTGTCGATGGWACTAATCAATTTCCAAATCC
F_LCO1490_ion _bc5,IonXpress_5,CCATCTCATCCCTGCGTGTCTCCGAC,TCAG,CAGAAGGAAC,GAT,GGTCAACAAATCATAAAGATATTGG,CCATCTCATCCCTGCGTGTCTCCGACTCAGCAGAAGGAACGATGGTCAACAAATCATAAAGATATTGG,,F_LCO1490_ion _bc15,IonXpress_15,CCTCTCTATGGGCAGTCGGTGAT,TCTAGAGGTC,GAT,GGWACTAATCAATTTCCAAATCC,CCTCTCTATGGGCAGTCGGTGATTCTAGAGGTCGATGGWACTAATCAATTTCCAAATCC
F_LCO1490_ion _bc6,IonXpress_6,CCATCTCATCCCTGCGTGTCTCCGAC,TCAG,CTGCAAGTTC,GAT,GGTCAACAAATCATAAAGATATTGG,CCATCTCATCCCTGCGTGTCTCCGACTCAGCTGCAAGTTCGATGGTCAACAAATCATAAAGATATTGG,,F_LCO1490_ion _bc16,IonXpress_16,CCTCTCTATGGGCAGTCGGTGAT,TCTGGATGAC,GAT,GGWACTAATCAATTTCCAAATCC,CCTCTCTATGGGCAGTCGGTGATTCTGGATGACGATGGWACTAATCAATTTCCAAATCC
F_LCO1490_ion _bc7,IonXpress_7,CCATCTCATCCCTGCGTGTCTCCGAC,TCAG,TTCGTGATTC,GAT,GGTCAACAAATCATAAAGATATTGG,CCATCTCATCCCTGCGTGTCTCCGACTCAGTTCGTGATTCGATGGTCAACAAATCATAAAGATATTGG,,F_LCO1490_ion _bc17,IonXpress_17,CCTCTCTATGGGCAGTCGGTGAT,TCTATTCGTC,GAT,GGWACTAATCAATTTCCAAATCC,CCTCTCTATGGGCAGTCGGTGATTCTATTCGTCGATGGWACTAATCAATTTCCAAATCC
F_LCO1490_ion _bc8,IonXpress_8,CCATCTCATCCCTGCGTGTCTCCGAC,TCAG,TTCCGATAAC,GAT,GGTCAACAAATCATAAAGATATTGG,CCATCTCATCCCTGCGTGTCTCCGACTCAGTTCCGATAACGATGGTCAACAAATCATAAAGATATTGG,,F_LCO1490_ion _bc18,IonXpress_18,CCTCTCTATGGGCAGTCGGTGAT,AGGCAATTGC,GAT,GGWACTAATCAATTTCCAAATCC,CCTCTCTATGGGCAGTCGGTGATAGGCAATTGCGATGGWACTAATCAATTTCCAAATCC
F_LCO1490_ion _bc9,IonXpress_9,CCATCTCATCCCTGCGTGTCTCCGAC,TCAG,TGAGCGGAAC,GAT,GGTCAACAAATCATAAAGATATTGG,CCATCTCATCCCTGCGTGTCTCCGACTCAGTGAGCGGAACGATGGTCAACAAATCATAAAGATATTGG,,F_LCO1490_ion _bc19,IonXpress_19,CCTCTCTATGGGCAGTCGGTGAT,TTAGTCGGAC,GAT,GGWACTAATCAATTTCCAAATCC,CCTCTCTATGGGCAGTCGGTGATTTAGTCGGACGATGGWACTAATCAATTTCCAAATCC
F_LCO1490_ion _bc10,IonXpress_10,CCATCTCATCCCTGCGTGTCTCCGAC,TCAG,CTGACCGAAC,GAT,GGTCAACAAATCATAAAGATATTGG,CCATCTCATCCCTGCGTGTCTCCGACTCAGCTGACCGAACGATGGTCAACAAATCATAAAGATATTGG,,F_LCO1490_ion _bc20,IonXpress_20,CCTCTCTATGGGCAGTCGGTGAT,CAGATCCATC,GAT,GGWACTAATCAATTTCCAAATCC,CCTCTCTATGGGCAGTCGGTGATCAGATCCATCGATGGWACTAATCAATTTCCAAATCC
,,,,,,,,,,,,,,,
,,,,,,,,,,,,,,,
,,,,,,,,,,,,,,,
,,,,,,,,,,,,,,,
,,,,,,,,,,,,,,,
,,,,,,,,,,,,,,,
,,,,,,,,,,,,,,,
,,,,,,,,,,,,,,,
,,,,,,,,,,,,,,,
,,,,,,,,,,,,,,,